ds,total,total/State 1,total/State 1/Zone P,total/State 1/Zone Q,total/State 1/Zone R,total/State 2,total/State 2/Zone P,total/State 2/Zone Q,total/State 2/Zone R,total/State 3,total/State 3/Zone P,total/State 3/Zone Q,total/State 3/Zone R
2023-03-26,65320.805585186274,20640.069370277124,6540.75199766158,6960.782169498529,7138.53520311702,27328.203273146926,9736.119309157528,8531.338678269354,9060.745285720028,17352.532941762227,5087.301981679807,5803.988705617627,6461.242254464795
2023-03-27,57990.43987990967,18506.31493423193,5874.986885077122,6769.504573499192,5861.823475655618,25025.774723937495,8321.631215557672,8366.091394384644,8338.05211399517,14458.350221740246,4542.085634525328,4674.427808578559,5241.83677863636
2023-03-28,55582.44974503112,17558.12500520453,5665.143023201819,5786.946632733109,6106.0353492696095,23996.75999363502,8167.790943747631,7708.467168639751,8120.501881247631,14027.564746191574,4842.750836390184,4180.258338976614,5004.555570824773
2023-03-29,59824.58994310234,18947.488275047195,6945.824125600417,6251.73056095447,5749.933588492314,25906.30561721625,8493.391561771896,8706.40139992245,8706.512655521898,14970.796050838915,4838.431555870779,4650.748268619825,5481.616226348311
2023-03-30,60577.503713919454,18833.82415813138,6002.540292011628,6330.368276013303,6500.91559010646,26007.85128864851,8694.412831201233,7979.534415308536,9333.904042138733,15735.828267139574,5163.174803717049,5188.386323263835,5384.267140158682
2023-03-31,62058.902959602805,18584.073086637087,5939.591336572576,6549.784643194183,6094.697106870332,27130.538886366718,9928.290205511601,8282.315897218503,8919.932783636601,16344.290986599013,5202.186189735635,5783.895508348397,5358.20928851498
2023-04-01,69675.75294143772,21378.798832216475,6940.243636502019,7462.243954697304,6976.311241017154,30431.258812914373,9938.097952717771,10153.022868416325,10340.13799178027,17865.695296306894,5555.53466354242,6080.075977223369,6230.084655541096
2023-04-02,67235.38636747102,20852.39411702641,6569.770296752546,6946.0804618789025,7336.543358394969,29367.3675831331,10072.426895365412,9549.296995527258,9745.64369224041,17015.624667311517,6080.154989804865,5314.66034196467,5620.809335541976
2023-04-03,56744.654921401,15854.569357750033,4746.5354864739365,5422.239043843681,5685.794827432422,26784.546329304438,9249.791005621548,8748.327599311331,8786.42772437155,14105.539234346536,4524.997191885223,5049.545475187554,4530.996567273751
2023-04-04,57514.22937930022,16659.146658493934,5149.469665330825,5864.011712472354,5645.665280690761,25624.421905878684,8889.690162701676,8260.613846100323,8474.117897076676,15230.660814927596,5144.037755564618,5257.965874795762,4828.657184567214
2023-04-05,58058.753989457706,16686.834879235666,5472.821287556606,5562.328588536327,5651.685003142743,26389.518134003632,9107.794590688476,8230.207272939166,9051.516270375978,14982.400976218409,5072.820749854036,5090.005500092705,4819.574726271663
2023-04-06,58896.86927603516,18157.11716349218,6031.63318937888,5913.594753434477,6211.889220678829,25513.418588859593,8853.665454763011,8042.033968396064,8617.719165700511,15226.333523683395,4801.346907288385,5455.370221429972,4969.6163949650345
2023-04-07,58061.27292568488,17689.331176617146,5572.661522697945,5942.132452348326,6174.537201570878,26009.150318214466,8804.023263230676,8512.611604253101,8692.515450730678,14362.791430853284,4746.961477858325,4409.574019369192,5206.255933625761
2023-04-08,68810.56864837448,22978.050893353422,7474.516688740813,7905.206164595868,7598.32804001675,28787.23946363675,9516.123514486982,9792.586184662765,9478.529764486986,17045.27829138431,5310.965088491949,6707.587441724367,5026.72576116799
2023-04-09,62625.08472578906,18284.489832138093,5929.120754572811,6259.75109792178,6095.61797964351,29280.289229796163,9749.856268244144,9684.704622995368,9845.728338556644,15060.305663854813,5403.6375802716175,4677.276507871473,4979.391575711723
2023-04-10,51206.83903816303,15565.817122714863,4766.8511633408225,5392.389869856221,5406.576089517825,22997.235267707023,8098.165009617211,7656.034154722596,7243.03610336721,12643.786647741159,4671.2164987127135,4342.771436701928,3629.7987123265148
2023-04-11,55432.680939254584,17404.25050113288,5663.893266643756,5912.645573891862,5827.711660597265,24486.700116234053,8348.540030242266,8519.50970418702,7618.650381804764,13541.730321887657,4655.8491516739105,4811.356730611453,4074.524439602291
2023-04-12,59743.291545719694,18604.897783316228,5987.53088580779,6160.60975433386,6456.757143174582,24693.362295850788,8288.068927908527,8934.308424408728,7470.984943533528,16445.031466552693,5698.1666861779795,5794.923616345078,4951.941164029633
2023-04-13,59069.295178812186,17955.122837340325,5536.487257284976,5994.27859998523,6424.356980070119,25224.027400435498,8439.378368376701,8425.157382432082,8359.491649626701,15890.144941036362,5676.083675247555,5231.300438558628,4982.760827230174
2023-04-14,59812.155071504894,19863.068845633585,6203.5324305177355,6556.301182627086,7103.235232488773,23464.1639378095,7377.5884915877405,7997.8370522902605,8088.7383939314905,16484.92228806182,6037.950128103092,4885.282699366155,5561.689460592577
2023-04-15,63142.59807303086,18043.943158530852,5961.999784063261,6030.510703274832,6051.4326711927615,30087.76670308137,10281.573902388269,9825.268312367338,9980.924488325765,15010.888211418642,4840.113632471086,4977.491485371997,5193.283093575551
2023-04-16,67928.19135372333,22351.451630568645,7519.373617270504,7599.1101685435,7232.967844754645,29398.88165045641,10331.924235275237,9845.460914280924,9221.496500900237,16177.858072698276,5848.806553463003,4723.689603078464,5605.361916156806
2023-04-17,53290.527917168016,16211.785840242883,5521.388879307824,5054.522133034801,5635.874827900264,23921.260397002585,8234.699512600662,7818.113324926256,7868.447559475661,13157.481679922554,4257.633426288787,4468.678450863465,4431.169802770299
2023-04-18,59290.40863248685,17880.25592083869,6175.268063861947,5509.392430250538,6195.59542672621,26400.912257303222,9348.074654493279,8112.602792066657,8940.234810743279,15009.24045434493,5213.759881855565,4593.145344959529,5202.335227529836
2023-04-19,60523.384952884575,18867.47929405356,6444.453135874326,5858.767006205812,6564.259151973433,26544.204733223713,8762.611854182616,8610.401923295976,9171.190955745116,15111.700925607303,4959.791246934855,5066.829435778565,5085.080242893881
2023-04-20,60943.10529719101,18685.494609297755,6047.212105229961,6096.772714368401,6541.509789699398,26392.50878031999,8886.985481005993,8694.39914643299,8811.124152880995,15865.10190757327,5139.60451381345,5349.522652012753,5375.974741747065
2023-04-21,60834.1246563064,19841.5371203103,6514.84505932076,6703.794105682206,6622.897955307344,26457.274731880687,8937.036831117128,8886.12782745892,8634.110073304626,14535.312804115438,4777.143971148249,4934.678396538508,4823.490436428674
2023-04-22,73121.88102342072,23323.388795199142,7448.133989973852,8237.296398319619,7637.958406905681,32686.246648044616,10856.074320909025,10428.202498414057,11401.969828721527,17112.24558017696,5387.1583576050425,5661.397192163264,6063.690030408651
2023-04-23,73928.30580965176,22447.23873719991,7205.139535179531,7792.689389415529,7449.409812604859,31891.598988239028,10300.370213156171,10967.92203848917,10623.306736593671,19589.468084212844,6661.566029722588,6155.360861326939,6772.541193163308
2023-04-24,56356.88720601972,18135.35501599934,5810.630824855918,6232.557046729195,6092.167144414232,25022.453302863258,8348.286210918512,7963.066427901226,8711.10066404351,13199.078887157124,4704.3996256938835,3811.380405366573,4683.298856096663
2023-04-25,60734.50114515873,18989.530307043082,6591.969524360659,5889.510927571288,6508.049855111144,26756.07851353552,9653.886903264593,7976.011738256324,9126.179872014593,14988.892324580122,4973.852066948158,4363.432299907722,5651.607957724241
2023-04-26,61162.99190819804,18791.237467892857,6335.455194221576,5819.944089481373,6635.838184189911,26198.32511079378,9037.40201707315,8201.731037584972,8959.192056135653,16173.429329511404,5575.39459616979,5369.818799446034,5228.215933895578
2023-04-27,58606.02152388549,17580.960968329742,5927.414480440985,6008.271924354583,5645.274563534182,27455.147691924754,9224.402360655766,8765.01484561321,9465.730485655768,13569.912863631002,4564.672232233183,4025.645967332789,4979.594664065025
2023-04-28,58097.02475080249,17535.6657712295,5771.541411561734,6260.378028430968,5503.746331236801,26639.153880207134,9080.192015321834,8509.087232375956,9049.874632509336,13922.205099365865,4625.014969510709,4364.235329516483,4932.954800338671
2023-04-29,68143.7823773427,19297.82513092058,6573.306065955429,6237.951488298413,6486.567576666741,30736.929008616906,10096.993974673607,10328.138324894684,10311.796709048609,18109.028237805232,5685.217491799061,6325.513256796197,6098.297489209969
2023-04-30,68975.73893432194,21568.796532302786,7091.399591968991,6968.2777948873445,7509.119145446457,30061.536250842808,10284.839089290652,10229.601236323995,9547.09592522815,17345.406151176354,6035.575652031285,5113.501294824593,6196.329204320468
2023-05-01,51474.52696135504,15394.445535111385,5426.383948846055,4938.727660243294,5029.3339260220355,25547.15149120192,8991.405910534933,8219.728342007045,8336.01723865993,10532.929935041742,3739.0006844008058,3103.367249246892,3690.562001394042
2023-05-02,59662.26738650115,17835.242666373,6118.870806500814,5600.2154776168245,6116.156382255365,26489.78082544547,9208.216843401884,8541.97311520419,8739.590866839386,15337.243894682695,4900.324994761395,4820.882945109371,5616.035954811928
2023-05-03,59280.931709830074,18072.0278450444,6334.758218562991,5848.190791430367,5889.078835051043,25209.36755819741,8678.338165066518,7836.873845251862,8694.155547879021,15999.536306588285,5261.314834310829,4827.334015540727,5910.887456736728
2023-05-04,57151.45269890378,17973.535207868776,6117.749886196173,5845.80700659869,6009.978315073919,24612.089599529434,8410.221356852728,8019.767003011467,8182.101239665232,14565.827891505567,5064.917342052692,4519.889677631946,4981.020871820926
2023-05-05,60857.825959735004,18914.68890288394,6828.762481131021,5721.635986707083,6364.290435045845,26847.187040071953,8741.600277077881,8508.103673416179,9597.483089577883,15095.95001677912,4617.841959539512,4553.179579575945,5924.9284776636605
2023-05-06,68378.51718768117,20615.659745505407,7448.722480875881,6535.743631798524,6631.193632831006,30378.403465565443,11293.598449762125,9962.833519166192,9121.971496637123,17384.45397661033,5550.897277491147,5880.523099368481,5953.033599750699
2023-05-07,69125.92572476501,20401.52960554906,6971.8923259358935,6599.051669037588,6830.585610575585,30834.31747627428,10324.007847872406,10904.74318677945,9605.56644162241,17890.07864294168,5631.8138334928035,6200.480581005679,6057.784228443194
2023-05-08,56639.23236265969,19435.99576354111,6939.633690205423,6241.470606954309,6254.891466381386,23347.576218912385,8624.557182978308,6798.648376393263,7924.370659540808,13855.660380206204,4368.009457876498,4890.254420400318,4597.396501929382
2023-05-09,56489.48679170893,18130.388662659872,6202.623080787418,5852.851909024239,6074.913672848224,23612.23743906903,8337.535293827821,7580.365093600887,7694.337051640321,14746.860689980023,4748.105128362551,4997.144389917272,5001.6111717001995
2023-05-10,60290.973001753584,18942.16588303197,6628.8855292769185,6091.265407972069,6222.014945782985,26459.27909367827,8841.446570413067,9144.584195039626,8473.248328225569,14889.528025043353,5103.716321449883,4725.679938401966,5060.131765191501
2023-05-11,58059.99408325583,18680.673748610454,6198.747695477438,6024.9079982459625,6457.018054887058,25625.653534885318,8602.921185679994,8983.48987446282,8039.242474742494,13753.666799760063,4515.696287211438,4435.673144237378,4802.297368311242
2023-05-12,60361.66248339492,18710.697098051394,6593.304481053655,6253.813298663861,5863.579318333886,27079.037924843677,9193.52179436191,8332.351757994842,9553.164372486912,14571.927460499855,4707.06123521926,4430.264196718192,5434.602028562402
2023-05-13,70373.2367374932,20362.851045867214,6633.157333827062,7035.188102672647,6694.505609367512,31596.73752111124,11272.469049701387,9983.91563264596,10340.35283876389,18413.648170514734,5530.164402752063,6735.1406188649025,6148.343148897766
2023-05-14,59730.28594319369,18413.039347858754,6141.1766620725275,6103.636023453504,6168.226662332727,26255.688964786186,9269.389188323,8626.953556890172,8359.346219573004,15061.557630548763,4806.511201584839,4648.095952919716,5606.950476044202
2023-05-15,52845.36652926614,18139.378716180603,5843.0570006469825,6082.805316632951,6213.516398900671,22156.623593365108,7910.007051554769,6923.181755880566,7323.434785929767,12549.364219720437,4303.571402993873,3472.73133508553,4773.06148164103
2023-05-16,56090.33063474127,19888.93032025189,6544.516388756814,6677.785598551261,6666.628332943819,23353.789348162893,7400.948922610277,8141.999901379828,7810.840524172776,12847.610966326498,4143.010067569594,4183.765977609113,4520.834921147785
2023-05-17,60292.9932691605,19022.258542417625,6178.5641063905905,6658.027047956953,6185.66738807009,26319.777728289948,8902.870423369546,8416.581803425855,9000.325501494544,14950.956998452933,4980.73422203049,4772.810758850795,5197.412017571644
2023-05-18,60333.05979709415,19863.57590317999,6429.825725507078,6525.7312606774385,6908.018916995477,25994.021321588214,8569.491470818892,9074.501270575416,8350.028580193894,14475.462572325965,4358.853027609995,4922.967734907853,5193.641809808112
2023-05-19,60812.02256321044,19437.87393280108,6531.532214925945,6323.030288064676,6583.31142981047,26772.17932500423,8925.202312018537,8573.77958377965,9273.197429206039,14601.96930540513,4887.737229094776,4795.03304602919,4919.199030281165
2023-05-20,65171.54619863492,19711.059129821424,6553.018206699872,6652.543118495003,6505.497804626554,28830.19673439185,9579.732277865825,9601.031006785191,9649.433449740827,16630.29033442165,5028.145349835492,5556.5646793635715,6045.5803052225765
2023-05-21,63466.11516044129,20077.586494840256,6806.343266593414,6534.801454607347,6736.441773639499,29334.270309788633,10075.115749198449,9140.735100454232,10118.419460135949,14054.258355812413,4393.9901245938145,4472.1567682188515,5188.111462999744
2023-05-22,56711.210816985804,20774.240027668602,6869.055991283067,6638.743976630096,7266.440059755446,23240.30119926111,8011.192475831576,6549.338122597949,8679.770600831578,12696.669590056094,4374.126203491567,3899.060293822614,4423.48309274191
2023-05-23,61284.91981186988,20636.57963974424,7145.079161667104,6719.164629987303,6772.335848089837,25592.491765226816,9193.737791359894,7864.457588757016,8534.296385109896,15055.84840689883,4824.961688785044,4859.48741930218,5371.399298811602
2023-05-24,63172.273717788,20324.67327459071,6995.972441215008,6534.641999565698,6794.058833810009,27787.8505557817,9479.249567147623,9060.269390236454,9248.331598397623,15059.749887415595,4587.193822609842,5637.748977047855,4834.807087757895
2023-05-25,66252.43820966754,21655.265240718898,7293.890787894779,7134.961064549948,7226.413388274177,28507.775803884462,9276.465483851227,10258.311633057,8972.998686976225,16089.397165064187,5242.625290920505,4944.547817871697,5902.224056271984
2023-05-26,58848.07648160877,18092.43847857999,6258.620781998711,5817.137263821119,6016.68043276016,26542.15032110278,9245.022456226943,8952.441346148878,8344.686518726945,14213.487681926015,4455.9715982714015,4509.61209710111,5247.9039865535
2023-05-27,64869.65536154986,21263.839944473966,6877.532037726132,7327.159309120361,7059.148597627479,27740.067887279525,9743.770586093868,8879.831402591777,9116.465898593871,15865.747529796385,4799.517222190518,4829.445260646364,6236.785046959501
2023-05-28,63980.25643060092,20054.990928198822,7138.353715418977,6453.250118161575,6463.387094618278,25622.490381553962,7948.171616532675,8885.771171926097,8788.547593095176,18302.77512084814,5831.709109161649,6247.819817751754,6223.24619393473
2023-05-29,49721.07553307589,17761.80466311372,5546.275565529112,6542.648464065438,5672.880633519176,20527.653100675925,6457.41042241259,7146.787822256989,6923.45485600634,11431.617769286251,3695.649503705551,4005.2278369091346,3730.7404286715623
2023-05-30,54084.14411438131,16572.661372129667,5324.076349426499,5878.234472245004,5370.350550458168,24661.488571531496,7747.099515614509,8680.198231708715,8234.19082420826,12849.99417072015,4254.104206320561,4510.05429831136,4085.8356660882278
2023-05-31,59486.17613873746,17021.920665847534,5808.4349336962305,5553.242630262412,5660.243101888898,27468.25226137285,8616.446155385429,10703.482509195737,8148.323596791679,14996.003211517072,4996.093065313916,5426.6198327152015,4573.2903134879525
2023-06-01,56083.325767866925,17187.164823981948,6214.5543300261,5352.2667551730365,5620.343738782816,24797.1229953098,8107.097625019252,8569.320323396287,8120.70504689425,14099.037948575182,5011.686348866302,4466.6769244649195,4620.674675243958
2023-06-02,49558.14757879394,15606.612939443337,5695.971415356448,4951.587047509561,4959.054476577333,22320.204711715418,8641.61063739588,6340.015663486143,7338.578410833379,11631.329927635195,3777.7126147823374,4145.118755475127,3708.4985573777294
2023-06-03,52996.21469979148,15624.284713559971,5879.02597727353,5084.108514500117,4661.15022178633,25124.329908885364,8919.29015475195,8177.637782975199,8027.401971158203,12247.600077346144,4249.723569279582,3742.6934421834662,4255.183065883096
2023-06-04,50813.171046808464,14153.149849700656,4817.588771459593,4909.888393425406,4425.672684815658,24530.43448534058,8323.598136464027,8617.910575693772,7588.925773182776,12129.586711767244,3816.757398208643,4228.712107591919,4084.1172059666787
2023-06-05,49747.097019253415,13858.12508968357,4362.592832469237,4770.722286792494,4724.809970421845,24642.55509352265,8906.346279816822,8176.0749362327515,7560.133877473071,11246.416836047207,3875.0325742345713,3613.218679872156,3758.1655819404764
2023-06-06,45933.9489708526,13414.860981699998,4180.933211509873,4515.18202528697,4718.745744903157,20991.956218257623,7902.5677263103835,7373.861781261843,5715.526710685384,11527.131770894992,3841.3550830371923,3973.8097269634172,3711.9669608943805
2023-06-07,49130.84411341762,15040.530061178495,5170.734223841361,5043.523265034908,4826.272572302228,21263.022572962815,6938.174667633181,7418.057026758938,6906.790878570681,12827.29147927632,4010.5626882303663,4252.520565193055,4564.208225852894
2023-06-08,43134.77998973419,13446.8806447564,4714.280771759394,4116.870646189443,4615.729226807568,18996.001919783743,6970.36291188211,6115.415744457022,5910.223263444609,10691.897425194045,3511.594836558099,3660.945021669558,3519.3575669663865
2023-06-09,45070.90795944726,13904.711342768112,4838.716635284608,4430.496751937786,4635.497955545724,20420.9370559421,7845.129431707465,6723.522919089665,5852.284705144965,10745.259560737051,3400.89176156145,3751.101714028126,3593.266085147473
2023-06-10,45936.18395355084,14561.862880681047,4677.589884518095,4855.797173685891,5028.475822477063,19971.77374198167,6642.156776847011,6605.8347000063895,6723.782265128261,11402.547330888125,3874.902464629502,3928.419953978299,3599.224912280322
2023-06-11,50011.5408383084,15835.789573250137,5153.3048423476885,5209.6406018141115,5472.84412908834,20903.56543960973,6755.082008406813,7466.321344671096,6682.162086531814,13272.185825448541,4314.720250835473,4671.409427171625,4286.056147441443
2023-06-12,44104.56648240451,13115.798691608195,4438.594786924788,4682.599410091942,3994.6044945914696,20822.45570104842,7393.611360843524,6961.300850455113,6467.5434897497735,10166.312089747886,3384.6693788667185,3686.4001040791713,3095.2426068019945
2023-06-13,44831.1966723838,12745.739427346465,4017.24016980096,4793.937531170755,3934.5617263747536,20807.159250229422,6826.877520339889,6946.78409236214,7033.497637527389,11278.297994807917,3671.9106515042263,3948.123433517944,3658.2639097857473
2023-06-14,43578.58874928409,13327.401269058893,3838.9743371257427,4992.333259880455,4496.093672052698,19467.998046332887,6078.891858594499,6785.459934612625,6603.646253125751,10783.189433892323,3505.5768450798605,3841.5196399353395,3436.09294887712
2023-06-15,43196.00218208057,12491.620501510379,3848.4280976590385,4414.06550768682,4229.126896164523,19754.890543366884,6103.414420588762,7407.078792033101,6244.3973307450115,10949.49113720331,3565.8708867423134,3917.237677374665,3466.3825730863277
2023-06-16,44090.41134595336,13043.869218354725,3840.8815450669,4827.984296662698,4375.003376625129,19593.49033435295,6256.704228276546,6830.027190299855,6506.758915776546,11453.051793245686,3726.0996324333105,3966.107399034253,3760.8447617781208
2023-06-17,49154.400445385305,15372.892446978676,4981.056717010998,4899.587104724961,5492.248625242721,21315.915486215803,6717.040808954886,7471.640020649768,7127.234656611136,12465.592512190839,4124.655555971709,4004.9977363455314,4335.939219873595
2023-06-18,45193.69440890821,15002.552658733259,4721.460451889756,4984.125532536828,5296.966674306676,18933.421191859128,5971.04863922095,6614.762389979723,6347.6101626584505,11257.720558315836,3731.7835678074416,3859.7044100595135,3666.232580448876
2023-06-19,38389.692251273154,11683.691584618973,3551.9394062953525,4310.070649145863,3821.6815291777616,17250.430431578945,5558.278017560631,6172.692755832678,5519.459658185631,9455.570235075242,3001.218264642819,3327.9406754241236,3126.411295008298
2023-06-20,42207.413192879416,12538.92180436402,3935.2611941627874,4325.95834687146,4277.702263329776,18844.741196089002,6028.001114801981,6552.405958672524,6264.334122614483,10823.750192426407,3611.9420829086994,3662.0982479070612,3549.7098616106446
2023-06-21,41370.13591567309,12300.38300288366,3765.7652611307226,4501.809716442575,4032.8080253103676,18991.405042992417,6759.028393678855,6344.561634540954,5887.815014772604,10078.347869797019,3372.504370594091,3019.223549934087,3686.619949268841
2023-06-22,40703.570351880706,12225.460422921211,3673.0546744168155,4498.547545130747,4053.858203373652,18932.324239199894,6514.996833449614,6700.249029331906,5717.078376418365,9545.785689759605,3256.21069325646,3060.0085245633436,3229.5664719397982
2023-06-23,44859.350189949306,13765.880035958204,4206.282957686216,4708.414705869286,4851.182372402704,20010.057822216168,7045.496252216495,6581.2889505956655,6383.272619403996,11083.412331774945,3789.49536675599,3581.1927301587234,3712.7242348602317
2023-06-24,46493.39002684383,14686.505497407425,4350.542464029978,5374.5144915498395,4961.448541827611,20150.92646556746,6826.912205441408,6689.346683590884,6634.667576535159,11655.958063868948,3957.071750536603,3652.14762277976,4046.7386905525814
2023-06-25,47427.031995900805,15311.706409208486,4899.826536296937,5138.691908763473,5273.18796414808,20493.744083331258,7183.3546081359855,6630.345413934279,6680.044061260985,11621.58150336106,3738.102274420682,3776.426648164523,4107.052580775855
2023-06-26,42034.47463573719,13813.240718527095,4187.988747298194,4980.1050182213,4645.146953007601,18551.51991698499,6252.494245161641,6167.629571192961,6131.396100630389,9669.714000225105,3316.0437939502285,3103.9074664031677,3249.762739871709
2023-06-27,43983.056432671874,14118.567584347402,4310.18701813695,4944.802908113636,4863.57765809682,18942.88303424692,6507.241372605678,5735.01259372305,6700.629067918179,10921.605814077562,3607.016160351644,3442.8457556436742,3871.7438980822435
2023-06-28,43246.477434239794,14037.300232072812,4473.74186493738,4831.004146857148,4732.554220278284,18511.423871941053,6274.601813464925,6011.75442469869,6225.067633777428,10697.753330225933,3522.2119855180927,3249.137475737238,3926.403868970598
2023-06-29,43504.42977838391,14434.999769636659,4563.949846510665,4770.774553294556,5100.275369831442,18197.515326617224,6053.879267342189,6090.191850526583,6053.444208748442,10871.914682130031,3462.5294320218118,3800.171087852123,3609.2141622560953
2023-06-30,43624.64878478586,13815.73803295135,4396.952537731521,4682.5124628123995,4736.273032407433,19375.661880171014,6244.564337348103,6636.13232656855,6494.965216254354,10433.248871663503,3638.5444145144206,3642.7795239048614,3151.924933244217
2023-07-01,45962.968862849004,14577.330094639909,4584.698601104815,4926.72781238015,5065.903681154948,20093.87389728638,6677.917360954606,6690.397573814661,6725.558962517108,11291.764870922714,3822.350399240689,3693.545994122252,3775.868477559772
2023-07-02,49487.4064569301,14916.629584901417,4898.025969887209,5259.759088963953,4758.84452605026,21603.318442394375,6532.74542465061,8047.985307936891,7022.587709806862,12967.458429634313,4403.192688871563,4169.829984987125,4394.435755775621
2023-07-03,35346.248498336354,10487.364296475129,3107.9619122197514,3614.0045270371525,3765.397857218228,15747.839660736065,5376.400651843042,5242.919704706227,5128.519304186793,9111.044541125159,3198.712292413585,2687.2465589893677,3225.0856897222056
2023-07-04,41767.662873501504,12952.55784477647,4126.860336409504,4632.425182008904,4193.272326358062,18504.20301025026,5675.226039837071,7100.155227451122,5728.82174296207,10310.902018474771,3485.184447288278,3366.864694012967,3458.8528771735255
2023-07-05,42896.26871928096,12994.02816205471,3762.959466320558,4842.970888785969,4388.097806948186,19024.538992935995,6209.648442350319,6142.3343933916,6672.556157194071,10877.701564290262,3570.997472308077,3549.8236615162946,3756.8804304658865
2023-07-06,40702.10602627764,12456.078080900357,3806.8905998532337,4403.151429759267,4246.036051287861,17738.486113041283,5835.560010424073,5983.209353911882,5919.716748705322,10507.541832336012,3421.446991024825,3625.653470495628,3460.441370815554
2023-07-07,42954.59506383395,12705.111469225412,4081.126474753121,4504.294098876824,4119.6908955954705,19459.70922181665,6138.0764203017625,6904.784408556865,6416.848392958014,10789.774372791893,3656.421470685188,3631.6315859705614,3501.7213161361433
2023-07-08,50056.422645017396,15740.144098992936,5107.777982552136,5323.503241004791,5308.862875436016,21674.44886789471,7337.806246629395,7404.136179323409,6932.506441941895,12641.829678129767,4190.555100882054,4262.362918413636,4188.911658834074
2023-07-09,49076.04118308055,14247.905514269329,4752.3140448376,4836.297725667008,4659.293743764725,21974.810905132563,7149.959576306162,7906.555815020232,6918.29551380616,12853.32476367866,4197.339133504342,4237.2273039617385,4418.758326212577
2023-07-10,38642.4732653283,11521.440631414735,3631.5309274757014,3893.120912562001,3996.788791377034,17932.775609320262,6228.147561723665,5989.813981966679,5714.814065629914,9188.2570245933,2986.2410294477386,3067.3909848662165,3134.6250102793438
2023-07-11,39733.44081307249,12183.275490990653,3903.4531295305887,4208.739005934186,4071.083355525881,18259.996202109116,5904.677302879079,6356.334467444703,5998.984431785329,9290.169119972725,2941.3260269029893,2874.140043034586,3474.703050035147
2023-07-12,42734.897143210605,13813.892881558158,4256.586928356213,4812.5947596658925,4744.711193536055,18940.247348551453,6728.352875490529,6312.990816320385,5898.903656740528,9980.756913101004,3257.7634578014113,3194.5798290246194,3528.41362627497
2023-07-13,41397.13371498385,12881.799327617011,3941.746644899113,4655.387040282168,4284.6656424357325,18911.73926164818,7150.056443223734,5811.394441606965,5950.288376817484,9603.595125718668,3186.2686536390806,2948.6186663963126,3468.7078056832725
2023-07-14,43797.61720329698,14173.35829571903,4550.746180671462,5093.020956374386,4529.591158673185,19526.094967494366,7322.627546694676,6243.555206136253,5959.912214663425,10098.163940083597,3125.545033470187,3156.566950111222,3816.051956502188
2023-07-15,50672.78652330122,15927.3810404931,5199.428139330646,5640.099087086723,5087.853814075733,22668.170230196767,8144.710834865613,7551.879419840534,6971.579975490611,12077.235252611372,3923.330092899736,4096.153644388967,4057.7515153226636
2023-07-16,38940.66567667063,12153.358564340046,3913.0333761768147,4230.651195255982,4009.6739929072505,16325.65748170248,5370.254123713454,5617.708804588069,5337.694553400953,10461.649630628104,3529.1292377659142,3338.5524884070055,3593.96790445518
2023-07-17,35692.12278940232,9134.544233759183,2743.957000275982,2970.059211231545,3420.528022251659,16925.47858643296,5837.9220466402,5716.513399402552,5371.043140390202,9632.09996921018,3069.085135683627,3191.7743001422004,3371.2405333843512
2023-07-18,41725.86418176136,13041.067743332675,4382.61446162469,4416.009750180067,4242.443531527917,18353.23117387016,6567.983925397405,5850.016741044096,5935.230507428654,10331.565264558541,3343.0472333869134,3341.747439891339,3646.7705912802858
2023-07-19,40573.92282395535,12207.303480140465,3927.0730123104245,4341.945568909824,3938.284898920216,18177.324343027172,6080.361720827235,6001.321116216445,6095.641505983486,10189.295000787717,3204.355770466178,3510.757564228811,3474.1816660927243
2023-07-20,41770.39877674907,12848.236255678765,4327.686744915886,4367.700133774777,4152.849376988104,18610.200391041777,6593.353417477137,5604.125880306246,6412.721093258388,10311.962130028545,3434.7583484082393,3496.706679480292,3380.4971021400115
2023-07-21,43686.20119318376,13772.610541565395,4298.23367540707,5291.20986587134,4183.167000286986,18478.116105155794,6244.597565663168,5961.336012891952,6272.18252660067,11435.474546462583,3839.9088691598026,3804.124660205025,3791.4410170977512
2023-07-22,44751.53816769547,14891.71325662886,4900.764688956905,5323.691496527058,4667.257071144906,18799.129391549213,5816.775817927104,6427.512326007493,6554.841247614606,11060.695519517396,3485.4361996928337,3624.0528615111125,3951.2064583134465
2023-07-23,49952.802497930854,15908.03037587177,5306.792614478602,5608.165581581328,4993.072179811842,21454.722284496158,7466.676411058822,7385.404618628507,6602.641254808821,12590.049837562934,4214.874194819658,4271.135507168748,4104.040135574525
2023-07-24,35999.558124248426,11237.151224459767,3576.5665301980403,3846.397110582983,3814.1875836787453,16713.799299169124,6119.493745586521,5092.608682996074,5501.696870586521,8048.607600619537,2750.0591317129188,2860.9195038097087,2437.6289650969093
2023-07-25,40705.80678491509,12158.15671245449,4115.284549505396,4084.19939517166,3958.6727677774365,18093.73692822738,6902.198596792369,6008.1859260488845,5183.352405386117,10453.91314423323,3483.7992668027446,3339.1939077069364,3630.9199697235463
2023-07-26,43747.97119436492,13850.468174637594,4544.497642716211,4991.78349901541,4314.187032905977,18925.54446782254,7234.17208493126,5895.505473741258,5795.866909150009,10971.958551904801,3468.515652453427,4005.432262063523,3498.01063738785
2023-07-27,42104.41795159778,13692.798897754596,4305.6503381476,4764.033003690519,4623.115555916482,18021.156136777943,5959.199729310066,6112.168787532797,5949.787619935068,10390.462917065252,3358.1665725454745,3646.6733813870947,3385.6229631326787
2023-07-28,42348.98413726613,12884.86594229919,3912.926775903412,4811.833633667973,4160.105532727808,18314.32431571905,6038.143042926486,6370.337057991068,5905.844214801485,11149.793879247896,3711.4271758775544,3790.0693636512124,3648.297339719125
2023-07-29,48088.43257905327,13709.177597880169,4334.354666816538,4723.3521352330035,4651.470795830632,21880.444674374005,7633.438180084499,7508.828568111259,6738.177926178248,12498.810306799096,3951.8519986872248,4473.218418081903,4073.7398900299636
2023-07-30,49382.69316096456,13453.498527253003,4594.478233657409,4471.687318155358,4387.3329754402375,21686.795971023486,7533.624622358374,7257.310398181725,6895.860950483376,14242.398662688085,4591.458260425732,4649.804305800366,5001.136096461983
2023-07-31,39075.366957160004,11386.795758764594,3843.9364051691314,3672.3875809322926,3870.471772663173,17535.646369428978,5799.503723547261,5944.537848115701,5791.604797766009,10152.924828966437,3407.315739189005,3378.1641839389094,3367.444905838522
2023-08-01,43490.0736891918,13187.119456106131,4369.029510952049,4388.544115835186,4429.545829318901,19797.278624356873,6354.5085814577005,7212.757066910219,6230.0129759889505,10505.675608728796,3451.8990040675203,3767.2534640293616,3286.523140631912
2023-08-02,42391.507140987356,13149.425387266241,4166.317960027632,4660.499829202872,4322.607598035738,18415.904647516185,5590.796763495828,6347.756921305773,6477.350962714579,10826.177106204943,3510.326839114079,3769.76868722627,3546.08157986459
2023-08-03,41885.715413307866,13194.611681385635,4196.537163118985,4695.662971457431,4302.41154680922,18194.87482809125,5742.830006174721,6625.790987616808,5826.253834299722,10496.228903830975,3187.565228681704,3752.821462856732,3555.8422122925376
2023-08-04,43313.48732664694,14151.65803971248,4276.832172703061,5150.432064858867,4724.393802150556,17909.976056290052,5725.231136223032,6058.23790493773,6126.507015129283,11251.853230644416,3802.0421931101587,3427.809143790341,4022.0018937439118
2023-08-05,51733.16941881273,16296.045117642732,5065.058412763262,5559.174827437811,5671.811877441668,21348.081177683678,6895.336620896923,7589.102271827331,6863.642284959423,14089.043123486324,4483.065001092452,4664.982974343985,4940.995148049885
2023-08-06,47659.718533779116,15247.240308557497,4759.25014203837,5362.079846891981,5125.910319627148,19651.46745031766,6587.358457837177,6615.869675268293,6448.239317212177,12761.010774903963,4206.953455334545,4110.4093208760705,4443.647998693348
2023-08-07,39012.21793842767,11345.574041020098,3565.346692427222,4091.284210374293,3688.943138218586,18023.45904122259,6334.5619536931445,6214.520680711293,5474.376406818144,9643.184856184977,3290.066737638639,3228.255266739158,3124.8628518071787
2023-08-08,42849.475618022676,14372.427965627792,4560.5344046307555,5304.935221386822,4506.9583396102225,18272.8158618697,5543.208680685669,6689.264223154613,6040.342958029418,10204.231790525184,3458.2037239555543,3109.549470093707,3636.478596475922
2023-08-09,43719.95348194436,13939.207596520077,4425.412652004293,5089.90185018993,4423.893094325857,18826.208169869653,5913.272752299706,6795.73395433274,6117.201463237206,10954.537715554628,3554.2887118464396,3791.000361764965,3609.2486419432207
2023-08-10,41913.87965183963,13662.604369536139,4272.976916124212,4936.021223368518,4453.606230043412,18578.022086645582,6232.292536070779,6789.702639504022,5556.0269110707795,9673.253195657908,3271.3739867822555,3213.200904932293,3188.678303943357
2023-08-11,43550.007144166724,14786.243439496257,4763.611721024491,5109.708453384997,4912.923265086772,19088.829095048386,6217.786429904726,6830.723032113927,6040.319633029726,9674.934609622094,3494.0946293094808,2891.93370353578,3288.9062767768337
2023-08-12,50436.87046175615,16383.842375377644,5322.120170678682,5417.643835136202,5644.078369562763,21511.22957845277,7470.662835076796,7517.295998142925,6523.270745233046,12541.798507925736,4038.339250589515,4287.884708389117,4215.574548947102
2023-08-13,45358.28848647171,14184.574344244002,4459.613243503013,4726.323608103511,4998.637492637482,20417.908468796348,7595.336828303792,6630.654734063751,6191.916906428793,10755.805673431374,3496.4941856040286,3702.204793834976,3557.106693992366
2023-08-14,35956.118326591095,12622.442976295819,4394.608618988069,4312.073612075519,3915.7607452322322,15161.406357577225,4521.3099055928915,5560.727952641438,5079.368499342891,8172.268992718061,3110.359005121793,2416.752005806024,2645.157981790242
2023-08-15,39548.450232282914,12694.949983033704,4122.613456558363,4464.063796779244,4108.272729696105,17253.5613908026,5421.231791062263,6015.787261803068,5816.542337937263,9599.938858446607,3323.4844033706017,3001.8095352503738,3274.644919825631
2023-08-16,43634.73930273409,13856.67557768844,4505.0782836399485,4941.678207379441,4409.919086669056,19010.195580297303,6455.173004981113,6469.227500022568,6085.795075293613,10767.868144748347,3564.2824947514387,3585.536814582267,3618.0488354146396
2023-08-17,41655.81594705648,12846.553191626008,4115.833498036229,4415.452765402054,4315.266928187729,18303.507728900564,6712.675993323813,6108.602031315434,5482.22970426131,10505.755026529925,3557.2500502984913,3450.1413855499873,3498.363590681442
2023-08-18,44057.93246115233,13559.080045635987,4481.959172899165,4723.30198515992,4353.818887576902,18926.3806450873,6783.805095614092,6398.357367921608,5744.218181551592,11572.471770429047,3897.81158930656,4058.344573313852,3616.315607808633
2023-08-19,46544.37575829916,13897.651509521029,4368.3594509297955,4923.292687450167,4605.999371141072,21274.640432796743,7029.830879802628,7289.8942005352255,6954.91535245888,11372.083815981388,3951.9834458741993,3920.9437642810694,3499.1566058261146
2023-08-20,42209.05840653179,11825.5290206389,4001.4545650168047,4004.79236614135,3819.2820894807487,19932.63383364981,6383.403907045946,7206.777191432914,6342.452735170945,10450.895552243072,3672.260398239127,3509.729536364144,3268.9056176397976
2023-08-21,39410.08043526809,10288.349824852019,3108.220130504872,3760.865757573122,3419.263936774028,18609.691726840687,6061.595563197649,6702.771108257878,5845.32505538515,10512.038883575397,3610.0001221888765,3304.7009213343645,3597.337840052153
2023-08-22,40562.656650866964,12235.439028907938,3849.460472568825,4342.363995410225,4043.6145609288938,17933.18076586877,5755.965336538456,6512.377534198104,5664.837895132206,10394.036856090257,3325.8429010803975,3818.3987271676683,3249.7952278421903
2023-08-23,43109.89089513697,13086.224328945853,4137.6958110734095,4699.14800766046,4249.380510211989,19126.730741632495,6006.3264671393335,6863.81071751007,6256.593556983082,10896.935824558625,3620.481666545368,3633.9094844145707,3642.54467359868
2023-08-24,43624.219901374665,12619.790967382847,3979.2757523362156,4413.002140967005,4227.51307407963,19601.32921002736,6305.728177781688,6814.381155245222,6481.219877000439,11403.099723964466,3743.827769392827,3951.9986409484363,3707.2733136232
2023-08-25,43331.878816874516,12340.02510663934,3790.966681954868,4276.436166097747,4272.62225858673,19704.373124898357,6545.133178077271,6752.447100775056,6406.792846046021,11287.480585336836,3815.8421981246865,3634.2757999216046,3837.362587290542
2023-08-26,44810.28394073069,12282.317722401442,3853.712789992846,4505.263518410753,3923.341413997847,20816.842947453355,6884.44213185795,6921.559269674948,7010.841545920452,11711.123270875893,4005.4723267928694,3835.5004686853936,3870.1504753976296
2023-08-27,49533.05593866195,14160.688339917717,4455.765975326548,5311.325025745454,4393.597338845723,21506.481659703295,7384.491048012888,7287.453665240012,6834.536946450387,13865.88593904095,4643.831005849281,4576.3854292875,4645.66950390417
2023-08-28,41727.761541880405,11608.086127528493,4241.773424341084,3562.7522912609943,3803.560411926418,18985.369633795515,6828.682453577916,5782.276211014677,6374.410969202917,11134.305780556399,3735.483164713655,3761.430132664228,3637.392483178514
2023-08-29,46213.390330744674,13608.320194740862,4987.321701076937,4269.926213861131,4351.072279802797,20792.688357654235,7150.820401019507,6466.949899365211,7174.918057269505,11812.38177834959,3881.3710258379447,4013.233286405893,3917.777466105749
2023-08-30,44537.27834380401,12743.696361152515,4102.82070519969,4433.597066017565,4207.278589935264,19941.186026981373,6758.2003392714905,6613.983590625886,6569.002097083989,11852.395955670143,3950.3019208831442,4200.407553138437,3701.686481648557
2023-08-31,49484.84300327493,14576.000989308945,5113.2644058536025,4867.419669901992,4595.316913553357,21687.078448340373,7076.606687444709,7592.465659388449,7018.006101507209,13221.763565625612,4337.803939592724,4591.658852717148,4292.300773315737
2023-09-01,50134.0576238701,15120.138563861203,4472.114847424919,5355.779204131558,5292.2445123047255,21505.019313450837,6854.618339382901,7741.527263591276,6908.873710476652,13508.89974655807,4429.967685239272,4564.242942301617,4514.689119017179
2023-09-02,50722.50764660542,16622.296043218754,5556.986837519544,5505.617749627385,5559.6914560718305,20718.88023871295,6775.658681992093,7209.968636447513,6733.252920273343,13381.33136467372,4502.15789962547,4347.936069718182,4531.237395330066
2023-09-03,60633.51192614204,20438.684150826488,7333.069548031426,6551.212122733477,6554.402480061591,24311.31852061883,8561.369091039242,7587.183854165335,8162.765575414242,15883.509254696743,5323.073509005741,5417.147362165117,5143.288383525876
2023-09-04,66647.11005337049,19827.877129006145,6811.331176998336,6488.86490608548,6527.681045922336,30284.534790939524,9396.168480668915,10123.035720226679,10765.330590043919,16534.698133424827,5749.052803694995,5948.884874743891,4836.760454985936
2023-09-05,62051.830569590704,18260.29589134983,6525.712894528196,5752.081186062542,5982.501810759099,29042.07888688383,9087.402457555065,10766.68705771118,9187.989371617567,14749.455791357048,4964.680376594926,4944.728645528019,4840.046769234098
2023-09-06,63646.852705000725,20002.8712606191,6976.319979692645,6468.313499683052,6558.237781243402,28595.263671397883,8939.48027726936,10323.137101234155,9332.646292894358,15048.717772983757,5074.2778218492185,4800.868462176149,5173.571488958384
2023-09-07,59170.88363924325,18597.003442428144,6528.653933953575,6016.129746730219,6052.219761744352,26245.315251118736,8534.586083469972,8800.865740428786,8909.863427219972,14328.564945696378,4671.302455815485,5112.894188562424,4544.368301318469
2023-09-08,60453.25187749184,18445.60068697813,6490.265111311246,6192.179356046067,5763.15621962082,27030.426874277782,8486.204714951647,9764.67076468698,8779.551394639146,14977.224316235941,4799.772264548995,4949.605887947274,5227.846163739675
2023-09-09,66339.06713296553,20081.26078048737,6922.410856078302,6489.42260892938,6669.427315479696,29361.17544908094,9534.556956915403,10105.932629000117,9720.685863165405,16896.63090339725,5712.996507375938,5614.734679493151,5568.899716528158
2023-09-10,66679.90017887665,21877.39297721832,7515.599910311245,7608.052040862051,6753.741026045028,26565.557028007308,8723.034793738565,9244.439588967663,8598.082645301069,18236.95017365104,6189.205783449514,5898.222585595473,6149.521804606047
2023-09-11,53109.49902336509,16017.401368165974,5356.0429678439095,5777.706157385912,4883.652242936154,23485.642200878578,7540.771769114506,7854.5293267120605,8090.341105052004,13606.455454320552,4747.637068716372,4691.088920770976,4167.7294648332
2023-09-12,60502.36945804154,19305.892231288417,6571.110380982512,6522.516838779497,6212.265011526414,26140.732846679097,8418.118894433543,9391.376893749512,8331.23705849604,15055.744380074033,5146.540421439859,5064.1996454374275,4845.004313196742
2023-09-13,60264.141578239505,18292.880008084507,6292.812886332213,5953.880316572069,6046.18680518023,27513.264367109205,8503.89284595523,8951.130042386241,10058.241478767728,14457.997203045794,4597.615616721324,5168.026985867225,4692.35460045724
2023-09-14,58474.92839012775,17942.344530066774,6222.552275117942,5662.250128275716,6057.542126673122,26174.379388471945,9174.69460594856,8361.283145324818,8638.40163719856,14358.204471589042,4879.166208991721,4599.7656892724435,4879.272573324874
2023-09-15,61160.77322850272,19654.0258592939,7225.166732515848,6216.690699719696,6212.168427058357,26419.55468538948,8744.095453584896,8568.629403219671,9106.8298285849,15087.192683819358,5246.262361359598,4719.025724586538,5121.904597873216
2023-09-16,70698.5944902493,20498.021415234292,7060.264953891367,6767.609488026627,6670.146973316307,32468.399602465455,10535.424492549455,11113.682453304033,10819.292656611957,17732.173472549555,6338.505093804572,5715.7259099297735,5677.942468815209
2023-09-17,71648.35326350876,21083.943658604934,7649.041945073765,6978.153827713496,6456.747885817677,32493.680258480934,11204.716823932065,10903.719266866794,10385.244167682062,18070.7293464229,5875.349285214942,6192.98118776725,6002.39887344071
2023-09-18,51391.27291549446,16227.870236587114,5439.416418230902,5603.879955949197,5184.573862407021,22639.83029107057,7385.363700277078,7468.383163953909,7786.083426839579,12523.572387836777,4148.879958949493,3831.938303617214,4542.754125270067
2023-09-19,58786.004738859534,17534.1824983266,5948.126239376337,5832.356334283931,5753.69992466634,26601.71356541966,9123.67916162534,8317.47145310647,9160.562950687838,14650.108675113279,5026.286357761487,4914.149985708252,4709.672331643539
2023-09-20,60180.65904750125,18597.943603834086,5912.8270361646255,6692.416931207064,5992.699636462401,26613.48920444531,8554.837519423114,9324.898149974086,8733.753535048112,14969.226239221864,5210.7500578988665,4907.416152490881,4851.060028832111
2023-09-21,55718.173755399264,17767.43147305786,5946.210689511594,5873.82827442924,5947.39250911703,24299.103091980705,8127.5352166567045,7860.8143969485345,8310.753478375455,13651.639190360711,4538.903427967588,4468.9052137163135,4643.830548676808
2023-09-22,58411.3319620922,17019.169257138503,5745.635987800517,5417.025631682405,5856.507637655583,26003.778846680827,9195.553330727042,7963.1018727267365,8845.123643227042,15388.383858272888,5713.566149893688,4789.023155888826,4885.794552490368
2023-09-23,70394.99923330519,20713.302171902546,7292.751329167234,6680.939102731765,6739.611740003551,31454.918839395355,10142.57057323709,10632.78745854616,10679.560807612092,18226.778222007295,6082.755007302529,6091.831977566763,6052.191237137999
2023-09-24,68871.69970996917,21748.659607460577,7592.461971632729,6966.507458960095,7189.690176867762,28642.624668662156,9590.372427094968,9711.721611347208,9340.530630219968,18480.41543384643,6446.412681799153,5831.604145425964,6202.398606621312
2023-09-25,50900.797171130274,14630.045089103725,4793.241724140982,4990.750141580608,4846.0532233821405,25040.57281274158,8345.187166935559,7866.419181995452,8828.966463810559,11230.179269284969,3686.243519915322,3929.847814825274,3614.087934544371
2023-09-26,59955.675085197516,18250.0127332934,6282.696458852801,5925.854357156255,6041.4619172843495,26220.341856668354,9180.029156517074,8321.8519030092,8718.460797142074,15485.320495235777,5055.328502123757,5255.214195173422,5174.777797938597
2023-09-27,59855.632615619026,17461.318681446493,6182.064816215704,5637.45076663501,5641.803098595784,29125.35322887593,10129.557621641989,9750.788766841944,9245.006840391989,13268.960705296606,4344.754367263316,4412.225114039771,4511.981223993515
2023-09-28,57743.96280145488,18318.99907549403,6401.396521488561,5885.78158557204,6031.820968433434,25304.057342889657,8598.270359550797,8047.98830347556,8657.798679863297,14120.906383071204,4571.644787060327,4720.1383250880535,4829.123270922816
2023-09-29,58115.49772337938,18728.439471394307,6497.188293507533,5811.135708967327,6420.1154689194545,24750.6377098257,8348.107611953346,8170.241821856494,8232.288276015846,14636.420542159385,4816.5135930264,5040.974917535719,4778.932031597265
2023-09-30,67068.56125418449,20514.35554700402,7149.214058186463,6607.067037508056,6758.074451309509,30002.50197957256,9212.4022227834,10660.209252755747,10129.890504033405,16551.703727607903,5517.491134046767,5425.464569677524,5608.748023883606
2023-10-01,63660.35390825169,21355.184635119636,7343.488800378639,6945.250106468062,7066.44572827294,27831.98998703006,8601.637256523796,10012.86293491995,9217.489795586298,14473.179286102008,4632.584303337754,4737.8563841775685,5102.738598586683
2023-10-02,52745.046615980544,16943.639107164683,5791.536444823502,5582.050201173997,5570.052461167189,22610.947241649334,7424.041468722228,7461.34770264236,7725.558070284731,13190.46026716653,4441.059240025497,4495.666231096962,4253.73479604407
2023-10-03,58576.26538755314,17535.863711962487,6133.943654390596,5484.65608888795,5917.263968683943,26369.891536743842,8799.965495557284,9147.27304562927,8422.652995557284,14670.510138846821,4597.894294012714,5078.650688817566,4993.965156016537
2023-10-04,61944.43255451976,19222.94653561314,6293.1589958045615,6280.294056719661,6649.493483088922,27830.983191218224,8960.562880403351,9576.434578849015,9293.98573196585,14890.502827688411,4788.534722332907,5362.479719501892,4739.4883858536095
2023-10-05,57785.57413120667,17877.598970050556,6117.629633117748,5539.390006921587,6220.579330011231,25880.926373856422,8750.429892298804,8782.029479883799,8348.467001673807,14027.048787299691,4810.491042313423,4657.840545795236,4558.717199191029
2023-10-06,60369.705593227365,18474.533060934933,6166.760369275179,6104.125221508198,6203.64747015156,26719.936112417734,8927.569856414526,8480.930188651178,9311.436067352026,15175.236419874696,5462.937707713772,4710.5649723932975,5001.733739767624
2023-10-07,61826.878097917324,18825.42849522094,6025.853563111714,6383.193244420652,6416.381687688578,28423.825789491704,8852.462358757864,9532.58075947596,10038.782671257868,14577.623813204684,4848.834982087844,5135.853216572245,4592.935614544593
2023-10-08,59394.27264545205,19353.60632480221,6675.2782563082,6141.364096294184,6536.963972199837,24656.22284157956,7791.139011007691,8929.57567893917,7935.5081516326945,15384.443479070287,5360.08532501055,5115.234578858151,4909.12357520158
2023-10-09,59081.978068588265,18013.695788044886,6124.338350398073,6077.0110186145075,5812.3464190323075,26335.866853048214,7856.529422826542,8646.400780832608,9832.936649389045,14732.41542749518,4924.190159091467,5164.801040910774,4643.4242274929375
2023-10-10,58856.01966924476,18109.664629113253,6541.412381329462,5879.920623112562,5688.3316246712375,25011.73975593018,7427.174822902563,8176.4731179375485,9408.091815090065,15734.615284201323,5763.995768183278,4989.190101204248,4981.429414813794
2023-10-11,59335.92283098638,18501.869013684063,6180.669581110769,6340.062648403073,5981.136784170226,26708.700378923564,8288.72388160388,8572.991873528299,9846.98462379138,14125.353438378765,4871.846224955626,4695.366823427907,4558.140389995228
2023-10-12,58273.23014067729,18420.690841783973,6427.767494101221,5837.368887959241,6155.554459723509,25957.12636444633,7882.737199112373,8710.223255284065,9364.165910049875,13895.412934446997,4745.679975058465,4646.7220766475975,4503.010882740932
2023-10-13,59795.2898452623,18939.660218172936,6482.3697607834865,6124.758054847891,6332.532402541563,26460.33450714402,8518.27646459158,8698.765952960846,9243.292089591581,14395.295119945351,4653.665175213405,5043.837331533276,4697.79261319867
2023-10-14,64421.2851028974,20324.478197027627,7437.193731324949,6076.577240065512,6810.707225637176,29212.597785195754,8634.208040980378,10082.229554797485,10496.16018941788,14884.20912067401,5297.140348124737,5055.335461187671,4531.733311361596
2023-10-15,70709.07199570353,23386.72169987266,7733.684331767513,7950.8977944347635,7702.139573670385,29090.30353052132,8488.69384670914,9883.910466009274,10717.69921780289,18232.04676530958,6140.247834184492,6083.151949923923,6008.64698120116
2023-10-16,54414.44624409345,16168.366748299683,5666.900386513078,5054.517112950057,5446.949248836551,24382.135973455963,8384.042414329208,8242.557004172544,7755.536554954209,13863.943522337819,4797.893016907082,4746.490706879594,4319.55979855114
2023-10-17,59363.04551803584,18114.492122483294,6158.271441512084,5825.5335039175125,6130.687177053699,27059.76881243965,9292.151365434405,9388.778581570843,8378.838865434402,14188.78458311291,4698.518828267575,5215.555765523548,4274.709989321785
2023-10-18,61636.27728027291,20043.22384960158,6719.609221687969,6590.485681478274,6733.128946435346,25866.123221201815,7955.879585856552,9485.470494801206,8424.77314054405,15726.930209469527,5584.865014699431,5261.9203267390885,4880.144868031004
2023-10-19,59619.248130633416,19062.243185652518,6691.530656370294,6024.123932508563,6346.588596773665,26103.44139732165,9087.746461547616,8626.966540632657,8388.728395141366,14453.56354765925,4822.746870117725,5182.529530450497,4448.287147091028
2023-10-20,60915.4086707964,19743.322260391473,6771.359400843346,6366.177814019579,6605.785045528548,26401.921636312145,8259.652297123306,9122.582862378014,9019.686476810808,14770.1647740928,5394.802011239084,4809.376029886623,4565.986732967088
2023-10-21,63766.87560481189,20402.736763926576,6956.161068761512,6633.6395629531735,6812.9361322118975,29120.51780073738,8716.032968644364,10425.751668136132,9978.733163956866,14243.62104014793,4804.5952366631445,5002.001137530222,4437.02466595456
2023-10-22,62731.33745840733,19523.359013207133,6954.156067447993,6452.985136283459,6116.2178094756855,27867.38215192771,8698.056249466614,9815.517699869473,9353.808202591616,15340.596293272509,5467.730348842447,4972.707138997136,4900.158805432919
2023-10-23,56475.657622946484,19123.240867935398,6593.9662552118425,6547.879119117927,5981.395493605638,23462.117502514448,7182.907253911411,8198.146744691614,8081.063503911412,13890.299252496643,4526.549394199246,4905.222063826273,4458.527794471119
2023-10-24,60427.235014456695,18735.78113397307,6164.323207038954,6383.597802303378,6187.860124630743,26832.724043747403,8253.218259974716,9335.655687860462,9243.850095912216,14858.729836736231,5006.459531290754,5173.557534128653,4678.712771316821
2023-10-25,58728.92371451247,18194.476717573707,5887.43599369506,6649.223427079356,5657.817296799293,25789.98630821489,8141.741459061868,9192.033663528646,8456.211185624366,14744.460688723866,4935.311051433427,4868.98766786161,4940.161969428823
2023-10-26,61198.17906631548,18751.572713748476,6372.442067592267,6195.968611012538,6183.162035143678,27446.38027376336,8679.946259247798,9571.415489642752,9195.018524872798,15000.226078803655,5212.48737328715,4901.70696913606,4886.031736380439
2023-10-27,62549.51566386443,18905.268430117856,6672.922448986435,5815.488408384556,6416.857572746865,27935.918806537975,9011.915920617967,9550.418996552027,9373.58388936797,15708.328427208608,5407.426040275557,5370.177516629479,4930.724870303568
2023-10-28,66280.52258689266,20352.6060355893,6882.4270415805,6583.144086226755,6887.034907782051,30157.646997948228,10275.77336545638,9931.682298285465,9950.191334206382,15770.269553355141,4991.514574420737,5451.692993688901,5327.061985245498
2023-10-29,66026.12437188903,19363.72532713458,6461.54239082012,6640.32427629149,6261.858660022978,29731.562977141537,9478.107921731631,10593.49654774076,9659.958507669135,16930.836067612905,5839.097238287004,5849.840922577277,5241.897906748621
2023-10-30,61247.493623575036,19859.122851239892,6830.344462685042,6593.599735468269,6435.178653086584,25779.185341642464,9283.331827956394,8262.84492791717,8233.008585768894,15609.18543069269,4850.597339492261,5257.7970727118845,5500.791018488541
2023-10-31,65332.220619030515,20348.483741898766,6387.403549226939,6728.297840641852,7232.782352029982,28950.159394576625,9067.021087228411,10086.573274807288,9796.565032540911,16033.577482555133,5438.259233850231,5300.285918776943,5295.032329927956
2023-11-01,64138.302461950916,19887.561760701847,6912.363316409701,6303.234268028499,6671.964176263651,28463.36988672296,8728.843280282192,9698.86789647106,10035.658709969697,15787.370814526123,5415.986074948005,5338.270795822469,5033.113943755642
2023-11-02,64397.42883361484,19689.957600378093,7052.575968350787,6147.175997432368,6490.205634594943,29289.815379517197,8960.808475007887,9772.061710751399,10556.945193757894,15417.65585371956,5631.254468353802,4805.774432443064,4980.626952922693
2023-11-03,68760.11532072765,20735.178794509546,7223.054517575256,6284.587820061935,7227.536456872361,32023.659723182805,9653.185790237047,10602.739314583692,11767.734618362047,16001.276803035329,5664.657508125834,5231.645056018957,5104.974238890533
2023-11-04,82370.91503744356,25265.77796420188,8954.405631167014,7752.429967224038,8558.942365810835,37205.43078576535,11409.521024209678,12816.379948283491,12979.529813272178,19899.706287476336,6500.1969374069795,6829.780993568635,6569.728356500718
2023-11-05,87747.49896738578,30276.76739735716,10321.111564944546,9599.613445606166,10356.04238680645,35478.523639767045,11279.825773375176,11572.073264891682,12626.624601500182,21992.207930261557,7501.579691693795,7359.730628639454,7130.897609928298
2023-11-06,87354.12763188654,28980.550749508657,10064.198571729748,9135.085207880475,9781.266969898437,36057.11804489455,11600.393805478932,12528.502308936677,11928.221930478932,22316.458837483366,7163.1821301835125,7873.104449964066,7280.172257335777
2023-11-07,83267.29476068492,26223.42617099493,8859.997330038863,9174.799429145496,8188.629411810578,37626.12988323142,12102.855273807696,12512.840234053503,13010.434375370198,19417.738706458575,6242.204595419315,6261.996634213385,6913.5374768258735
2023-11-08,82652.06557093434,25355.958380177904,8865.065404356466,8121.7284710705835,8369.164504750855,37133.74698672608,12329.73276242953,12680.353727492004,12123.660496804536,20162.360204030374,7379.556119561116,6576.511428172885,6206.292656296364
2023-11-09,73929.32977669811,23438.750312622295,8133.443348179562,7071.316082324479,8233.99088211826,32896.98372408624,12108.12937678954,9928.348993944648,10860.505353352039,17593.59573998958,6306.317226555066,5623.2620365234,5664.016476911116
2023-11-10,77570.17988696568,22908.81709900362,8374.506920280683,7001.5529184428615,7532.757260280085,34549.50680032973,12699.206062881442,10250.739205816828,11599.561531631438,20111.855987632323,7451.573932084009,6789.230117631612,5871.051937916702
2023-11-11,89479.90771243673,28214.11593036316,9469.482704856324,9346.410313616707,9398.22291189014,37905.78124496976,14006.013691785623,11899.722611398503,12000.044941785623,23360.010537103804,7539.625472553179,8110.439493536845,7709.945571013776
2023-11-12,93823.66186826222,30205.8116288337,10153.922987279015,9716.155124964014,10335.733516590677,39190.305889591786,13166.872972654211,13642.630256783334,12380.802660154213,24427.54434983677,9043.108151321834,7596.9636200066025,7787.472578508328
2023-11-13,76593.03813039773,26169.854499052697,7164.86420648703,9443.267959024191,9561.722333541484,32023.041584422193,11897.850055388906,10623.939129894366,9501.252399138904,18400.142046922858,6418.020514516762,5945.85673088316,6036.264801522926
2023-11-14,77914.556609158,25622.22406737402,8284.481530499199,8788.287044545703,8549.455492329125,33419.27419806454,11503.744916030333,11027.408389441367,10888.120892592833,18873.05834371944,6311.140251627147,5816.271490253618,6745.64660183867
2023-11-15,77312.46999301662,24987.948607377883,7696.997903511715,8657.045085780308,8633.905618085872,33668.5888202355,11892.354505561487,11403.725512237526,10372.508802436489,18655.932565403225,6090.3982923369895,6276.8866602485205,6288.647612817708
2023-11-16,75496.66107774802,25061.694926810087,7912.423780598091,8869.22296630916,8280.048179902844,32671.98454471522,10259.583138943104,10786.321196516494,11626.08020925561,17762.981606222733,4885.89658420339,5954.752686228196,6922.33233579114
2023-11-17,77460.37589117017,24909.41395830371,7001.53974036982,8845.110443007638,9062.763774926258,34951.25357924215,11254.365962117747,12335.667162819134,11361.220454305245,17599.70835362434,4961.962547695309,5836.866889199555,6800.878916729473
2023-11-18,91613.32671448277,28760.180392655348,9649.623263955593,9415.98976360485,9694.567365094916,40483.56442239434,12197.25167617738,13565.340366914555,14720.972379302384,22369.581899433095,6477.356801818771,7577.562165698468,8314.662931915847
2023-11-19,87588.10788655991,30071.063160143254,9535.762547046807,10290.423349635901,10244.87726346055,36683.94426205678,12384.418218715244,12638.429113688771,11661.09692965275,20833.100464359875,6048.862648286871,7267.407829273982,7516.829986799018
2023-11-20,70708.93062808404,21885.745547175204,6461.940523959477,7779.316252283386,7644.488770932349,33674.5762216931,11135.864037925632,11432.119630216825,11106.592553550636,15148.608859215732,4504.572959895509,5236.380514202534,5407.655385117684
2023-11-21,76456.33968512887,25498.370305551685,8314.489716350678,8214.857895896192,8969.022693304822,33550.409338312085,10806.864896178828,11660.256694391917,11083.287747741328,17407.56004126509,5128.598347983866,6296.090207741483,5982.871485539743
2023-11-22,79442.54981751904,24911.157178544705,8539.59183206122,8403.970007541082,7967.59533894241,37011.656445095454,13010.963913402577,11642.478618290294,12358.213913402575,17519.736193878885,5135.849409172096,6427.696549390918,5956.19023531587
2023-11-23,73984.90060003674,24023.65394368096,8028.594382063523,7933.376798717313,8061.68276290013,31844.741946353803,10638.64675964894,9515.391786430915,11690.70340027394,18116.504710001973,5127.6739763415535,6004.881321371074,6983.949412289344
2023-11-24,77934.56704703439,25804.7183453851,8349.955818517969,9091.34202451675,8363.42050235039,33335.56545377017,11286.520440142434,10344.423987547787,11704.621026079934,18794.283247879135,5430.687879642784,6991.517763275479,6372.07760496087
2023-11-25,91937.52913032044,30273.844206228983,9507.562698606784,11017.834255339372,9748.447252282842,38555.144072765965,13058.989193503909,11970.436193570642,13525.71868569141,23108.54085132549,7411.391050570439,7419.152790462838,8277.997010292205
2023-11-26,86270.63940312056,25200.023404895102,8241.644320890548,8763.082012301296,8195.297071703266,38025.106472485975,12128.90984300053,12535.565106797403,13360.631522688032,23045.50952573949,6865.084173974454,8618.654851368487,7561.770500396552
2023-11-27,66124.36595377853,19349.784177801474,6078.648696544974,6181.659279090708,7089.476202165797,29353.317770007616,9368.70333797313,9921.29097687384,10063.323455160633,17421.26400596945,4611.7345489928,6474.853876090032,6334.675580886611
2023-11-28,76137.08425284384,22057.51352224736,7444.5365022525175,7100.946829342152,7512.030190652693,34881.15249389419,10789.530171369786,11930.358752717111,12161.263569807288,19198.41823670231,6462.846361764654,6184.751090279341,6550.820784658308
2023-11-29,78375.32836613928,23601.302591268653,8176.1141597795295,7645.059804633099,7780.128626856035,34620.19559942151,11389.092774165623,11174.896769840248,12056.206055415621,20153.830175449122,6409.236320123381,6705.986196180568,7038.6076591451665
2023-11-30,72992.84484469605,22461.941955490485,8070.945621688427,7166.349205650103,7224.647128151963,31994.795212593915,10441.085600453933,10463.855456998532,11089.854155141431,18536.107676611664,6295.760801159768,6199.135019866601,6041.2118555852885
2023-12-01,77947.98043956062,23561.110004807004,7893.176645476089,7642.90353510015,8025.029824230767,33714.44322877271,10319.167596688418,11606.262332270868,11789.013299813418,20672.42720598092,6897.309182521155,7092.394985467426,6682.72303799234
2023-12-02,87350.7105529361,26892.173866619898,9280.760111693975,8789.244032963808,8822.169721962122,39744.90443133815,13605.47713790613,11768.338827400881,14371.08846603113,20713.632254978053,6544.513452901105,7111.466602163749,7057.652199913196
2023-12-03,88881.43932401395,26524.30365714755,9348.421081338469,8624.54242227383,8551.340153535257,38207.09200727134,12577.076198299546,13224.141759109736,12405.874049862048,24150.043659595056,7998.962992503794,8373.095107253377,7777.985559837881
2023-12-04,70601.75267754507,19611.74034330651,6197.155904929629,7338.412423362932,6076.1720150139545,34564.58749249826,12338.362684080621,12787.375796212014,9438.849012205623,16425.42484174031,5444.431248912002,5796.214365801192,5184.779227027114
2023-12-05,76572.80067879894,24989.858415664094,8518.17293678692,8143.519668941613,8328.16580993557,33173.40459156098,11287.601335885369,11683.32691979023,10202.476335885367,18409.53767157388,6054.621335028152,6169.149286147654,6185.767050398067
2023-12-06,78502.34346742435,24957.6571626491,8588.21616680151,8286.13957569914,8083.301420148457,34155.9554356889,11617.243238717609,11470.42110669118,11068.29109028011,19388.730869086347,7165.675660195435,5885.352067625787,6337.703141265121
2023-12-07,77523.04942820678,23935.926687148632,8144.7982987070645,7879.863910767572,7911.264477673999,33353.66740231012,12891.23525341132,10798.534786112483,9663.897362786314,20233.45533874802,6810.5809980253025,6473.431334955477,6949.443005767237
2023-12-08,80246.99188653371,23674.627839738678,8279.635156540067,7989.472248760174,7405.520434438445,34622.975951151166,12236.840991969397,10599.310568774865,11786.824390406897,21949.388095643873,7336.227585460093,7412.307223714563,7200.85328646921
2023-12-09,91651.78640619773,27678.483094808616,9657.429717743615,9276.643217973422,8744.410159091589,39990.85737019095,13684.18853958205,12252.64142383933,14054.027406769554,23982.44594119817,7646.567243684586,7991.784809302769,8344.093888210811
2023-12-10,85459.42403175587,28533.830828290815,9467.998069640767,9510.456495576662,9555.376263073396,36153.1541283709,11461.980577484775,11768.257426526332,12922.916124359777,20772.439075094175,7015.320359438758,6972.855318117151,6784.26339753826
2023-12-11,69134.1872331209,21238.807923092594,7124.647421911482,7398.760521449545,6715.399979731574,30752.914139572895,10096.988810132005,10306.324214621376,10349.601114819503,17142.46517045541,5047.148300522047,6192.681270082736,5902.635599850622
2023-12-12,77934.18787714416,23396.59421022955,8213.328264188762,8367.384451633472,6815.8814944073265,35587.46037056859,12267.245557304384,11007.386248147304,12312.828565116883,18950.13329634602,5853.4810913082365,6769.594304235109,6327.057900802673
2023-12-13,75762.81719619581,23122.82062646327,8086.968622653356,8086.016489123174,6949.835514686752,34723.80541256751,11024.546468805822,12019.168529643355,11680.090414118325,17916.191157165053,6322.803006126683,5990.19174395064,5603.196407087728
2023-12-14,75526.51847021548,22741.290977421057,7629.3897711134105,7638.684825905151,7473.216380402498,34615.51864832272,11844.471564638843,10700.947589357518,12070.099494326345,18169.70884447173,5548.434002664252,6287.002376028771,6334.272465778705
2023-12-15,78959.33268671595,24523.44591185373,8362.418667055277,8151.9401570617765,8009.08708773669,34274.92790653274,12002.054762432483,11376.600608230272,10896.272535869979,20160.95886832948,6036.006060761935,7440.3642641224,6684.588543445136
2023-12-16,85392.2259149031,29397.28803242261,9676.610076111761,10252.489163326618,9468.188792984232,33471.911968702065,11434.20540079435,10572.578315550854,11465.12825235685,22523.025913778434,7400.032284637555,7857.198798615623,7265.79483052525
2023-12-17,84009.62349962814,29551.464697426683,9987.195982632647,9439.49733144289,10124.771383351148,34540.938885371106,12116.08045706034,10015.427385312914,12409.43104299784,19917.21991683036,6196.594862281143,6956.946050207396,6763.679004341817
2023-12-18,67226.88568908209,21571.040385020828,7339.725293084531,6828.085447014909,7403.2296449213945,29681.223209560856,10962.11073354346,9544.048617473918,9175.06385854346,15974.62209450043,5148.117098267839,5839.515408903099,4986.989587329492
2023-12-19,73890.7127415911,24803.923490462923,8335.093260133466,8268.078919874695,8200.751310454772,30379.434173096928,11178.56366289877,9393.704308236878,9807.166201961272,18707.355078031233,5899.99989489613,6228.622914717503,6578.732268417592
2023-12-20,78640.17069348079,27020.149849650035,8889.501722494148,9017.168159505582,9113.479967650312,32048.823673078095,11395.377021461885,9694.339161404303,10959.107490211885,19571.19717075266,6178.381989593891,6344.06619034115,7048.7489908176185
2023-12-21,75759.41199959042,24827.677333371834,8658.541526412711,8076.625853500634,8092.509953458492,31695.27270553005,11399.491790504238,9921.446351084067,10374.334563941737,19236.461960688546,5664.135895546874,6741.157271147605,6831.168793994059
2023-12-22,78746.65405113375,26780.33581212214,9281.833378931567,8621.3891415537,8877.113291636882,32691.671558091744,11530.203237403008,11207.249458285722,9954.21886240301,19274.64668091988,6149.752396403528,6656.876485297107,6468.017799219238
2023-12-23,84140.73650632707,28691.647507991434,9002.787372400211,9655.927637122699,10032.932498468534,33685.378265444306,12132.59593983535,9816.816268586083,11735.96605702285,21763.71073289134,6594.985452690044,7860.186313674008,7308.538966527281
2023-12-24,86893.32280495478,27989.16664189033,9696.838678154856,9285.099343075035,9007.228620660444,36178.631380136874,12457.335443389373,11494.02592304562,12227.270013701875,22725.524782927576,6934.952429965301,7889.033406146257,7901.538946816013
2023-12-25,66070.01401156903,21904.190030275535,6906.776426905405,7169.0500905607105,7828.363512809424,29707.127276578016,11091.39885215842,9967.912580073662,8647.81584434592,14458.696704715498,4333.386917047237,5361.63154900484,4763.6782386634195
2023-12-26,69879.49546178199,24789.332807933395,7936.048683409603,8279.414313604182,8573.869810919623,27111.294197617422,10291.216813482437,9174.158422215043,7645.918961919933,17978.86845623116,5608.431327407693,6478.372479148852,5892.064649674616
2023-12-27,74926.3445174616,24402.548139101313,7617.485273124545,8649.986022201147,8135.076843775629,31249.935059366053,11561.52345749162,9796.102988132803,9892.308613741621,19273.861318994248,5790.556745611098,7004.140399809538,6479.164173573605
2023-12-28,76617.76788453716,25125.839753534703,8616.278104115601,8191.847857675836,8317.713791743276,32094.6703064871,11884.366291643937,10751.91135601172,9458.392658831437,19397.25782451535,5741.677109431443,6686.1663611843205,6969.414353899585
2023-12-29,79688.87792634615,25996.649745763338,7686.732093515479,9216.047560131427,9093.870092116436,34440.135037307955,12225.5909316214,12032.169970940142,10182.374134746402,19252.093143274866,5989.726623220674,6509.23413331444,6753.132386739745
2023-12-30,87562.10850741173,27462.729718122624,9688.685211965601,8630.964395605342,9143.080110551691,40008.18728982828,14281.27458184124,13361.092227708294,12365.820480278739,20091.191499460834,5829.579472361571,7244.547223591959,7017.064803507301
2023-12-31,80610.6184969649,23419.454415377702,6494.642419688615,8576.977872129879,8347.834123559216,36990.92449285894,13048.589388709817,12152.001574814285,11790.333529334815,20200.23958872827,6142.405842119835,7143.929381066838,6913.904365541592
